date;marche;operation;quantite;prix;stop;resultat
2026-10-03;Bitcoin;achat;0.002387514;75296.7;71108.243;0.00
2026-10-03;Ethereum;achat;0.065697473;2388.43;2236.2171;0.00
2026-10-03;XRP;achat;62.677961;1.32182;1.1622743;0.00
2026-10-03;Dogecoin;achat;898.20282;0.0825726;0.071439257;0.00
2026-10-03;Stellar;achat;368.42493;0.191218;0.16407543;0.00
2026-10-03;VeChain;achat;8173.7506;0.007576;0.0063525714;0.00
2026-10-03;Bitcoin;vente;0.002387514;75583.6;71108.243;-0.76
2026-10-03;Ethereum;vente;0.065697473;2388.69;2236.2171;-1.24
2026-10-03;XRP;vente;62.677961;1.32491;1.1622743;-0.47
2026-10-03;Dogecoin;vente;898.20282;0.0828472;0.071439257;-0.35
2026-10-03;Stellar;vente;368.42493;0.191628;0.16407543;-0.41
2026-10-03;VeChain;vente;8173.7506;0.007739;0.0063525714;0.83
