date_execution;date_cloture;ticker;regle;valide;signal;cloture;stop
2026-09-27;2026-09-26;BTC-USD;Tendance (moyennes 50/200);0;ACHAT;84406.5;79534.2
2026-09-27;2026-09-26;BTC-USD;Cassure 20 jours;0;ACHAT;84406.5;79534.2
2026-09-27;2026-09-26;BTC-USD;Retour à la moyenne (RSI 2);0;NEUTRE;84406.5;
2026-09-27;2026-09-26;ETH-USD;Tendance (moyennes 50/200);0;ACHAT;2695.21;2494.69
2026-09-27;2026-09-26;ETH-USD;Cassure 20 jours;0;ACHAT;2695.21;2494.69
2026-09-27;2026-09-26;ETH-USD;Retour à la moyenne (RSI 2);0;NEUTRE;2695.21;
2026-09-27;2026-09-26;XRP-USD;Tendance (moyennes 50/200);0;ACHAT;1.5281;1.33161
2026-09-27;2026-09-26;XRP-USD;Cassure 20 jours;0;ACHAT;1.5281;1.33161
2026-09-27;2026-09-26;XRP-USD;Retour à la moyenne (RSI 2);0;NEUTRE;1.5281;
2026-09-27;2026-09-25;NG=F;Tendance (moyennes 50/200);0;NEUTRE;3.225;
2026-09-27;2026-09-25;NG=F;Cassure 20 jours;0;ACHAT;3.225;2.97114
2026-09-27;2026-09-25;NG=F;Retour à la moyenne (RSI 2);0;NEUTRE;3.225;
2026-09-27;2026-09-25;CL=F;Tendance (moyennes 50/200);0;ACHAT;92.41;82.1357
2026-09-27;2026-09-25;CL=F;Cassure 20 jours;0;NEUTRE;92.41;
2026-09-27;2026-09-25;CL=F;Retour à la moyenne (RSI 2);0;ACHAT;92.41;82.1357
2026-09-27;2026-09-25;GC=F;Tendance (moyennes 50/200);0;VENTE;4321.2;4509.56
2026-09-27;2026-09-25;GC=F;Cassure 20 jours;0;ACHAT;4321.2;4132.84
2026-09-27;2026-09-25;GC=F;Retour à la moyenne (RSI 2);0;NEUTRE;4321.2;
2026-09-27;2026-09-25;^FCHI;Tendance (moyennes 50/200);0;NEUTRE;8077.8;
2026-09-27;2026-09-25;^FCHI;Cassure 20 jours;0;VENTE;8077.8;8259.36
2026-09-27;2026-09-25;^FCHI;Retour à la moyenne (RSI 2);0;NEUTRE;8077.8;
2026-09-27;2026-09-25;^GSPC;Tendance (moyennes 50/200);0;ACHAT;7743.41;7606.96
2026-09-27;2026-09-25;^GSPC;Cassure 20 jours;0;NEUTRE;7743.41;
2026-09-27;2026-09-25;^GSPC;Retour à la moyenne (RSI 2);0;NEUTRE;7743.41;
2026-09-27;2026-09-26;EURUSD=X;Tendance (moyennes 50/200);0;VENTE;1.14012;1.1509
2026-09-27;2026-09-26;EURUSD=X;Cassure 20 jours;0;VENTE;1.14012;1.1509
2026-09-27;2026-09-26;EURUSD=X;Retour à la moyenne (RSI 2);0;NEUTRE;1.14012;
2026-09-27;2026-09-27;GBPUSD=X;Tendance (moyennes 50/200);0;NEUTRE;1.32535;
2026-09-27;2026-09-27;GBPUSD=X;Cassure 20 jours;0;VENTE;1.32535;1.33948
2026-09-27;2026-09-27;GBPUSD=X;Retour à la moyenne (RSI 2);0;NEUTRE;1.32535;
2026-09-27;2026-09-25;EURUSD=X;Tendance (moyennes 50/200);0;EN COURS VENTE;1.13748;1.1682
2026-09-27;2026-09-25;EURUSD=X;Cassure 20 jours;0;EN COURS VENTE;1.13748;1.15758
2026-09-27;2026-09-25;EURUSD=X;Retour à la moyenne (RSI 2);0;RIEN;1.13748;
2026-09-27;2026-09-25;GBPUSD=X;Tendance (moyennes 50/200);0;RIEN;1.32107;
2026-09-27;2026-09-25;GBPUSD=X;Cassure 20 jours;0;EN COURS VENTE;1.32107;1.34817
2026-09-27;2026-09-25;GBPUSD=X;Retour à la moyenne (RSI 2);0;RIEN;1.32107;
2026-09-28;2026-09-27;BTC-USD;Tendance (moyennes 50/200);0;EN COURS ACHAT;84462.1;73970.2
2026-09-28;2026-09-27;BTC-USD;Cassure 20 jours;0;EN COURS ACHAT;84462.1;81744.5
2026-09-28;2026-09-27;BTC-USD;Retour à la moyenne (RSI 2);0;RIEN;84462.1;
2026-09-28;2026-09-27;ETH-USD;Tendance (moyennes 50/200);0;EN COURS ACHAT;2687.96;2202.25
2026-09-28;2026-09-27;ETH-USD;Cassure 20 jours;0;EN COURS ACHAT;2687.96;2562.95
2026-09-28;2026-09-27;ETH-USD;Retour à la moyenne (RSI 2);0;RIEN;2687.96;
2026-09-28;2026-09-27;XRP-USD;Tendance (moyennes 50/200);0;EN COURS ACHAT;1.5164;1.40229
2026-09-28;2026-09-27;XRP-USD;Cassure 20 jours;0;EN COURS ACHAT;1.5164;1.36946
2026-09-28;2026-09-27;XRP-USD;Retour à la moyenne (RSI 2);0;RIEN;1.5164;
2026-09-29;2026-09-28;BTC-USD;Tendance (moyennes 50/200);0;EN COURS ACHAT;83502.6;73970.2
2026-09-29;2026-09-28;BTC-USD;Cassure 20 jours;0;EN COURS ACHAT;83502.6;81744.5
2026-09-29;2026-09-28;BTC-USD;Retour à la moyenne (RSI 2);0;RIEN;83502.6;
2026-09-29;2026-09-28;ETH-USD;Tendance (moyennes 50/200);0;EN COURS ACHAT;2688.67;2202.25
2026-09-29;2026-09-28;ETH-USD;Cassure 20 jours;0;EN COURS ACHAT;2688.67;2562.95
2026-09-29;2026-09-28;ETH-USD;Retour à la moyenne (RSI 2);0;RIEN;2688.67;
2026-09-29;2026-09-28;XRP-USD;Tendance (moyennes 50/200);0;EN COURS ACHAT;1.49628;1.40229
2026-09-29;2026-09-28;XRP-USD;Cassure 20 jours;0;EN COURS ACHAT;1.49628;1.36946
2026-09-29;2026-09-28;XRP-USD;Retour à la moyenne (RSI 2);0;RIEN;1.49628;
2026-09-29;2026-09-28;NG=F;Tendance (moyennes 50/200);0;ENTRER VENTE;3;3.27314
2026-09-29;2026-09-28;NG=F;Cassure 20 jours;0;RIEN;3;
2026-09-29;2026-09-28;NG=F;Retour à la moyenne (RSI 2);0;RIEN;3;
2026-09-29;2026-09-28;CL=F;Tendance (moyennes 50/200);0;EN COURS ACHAT;92.6;67.8671
2026-09-29;2026-09-28;CL=F;Cassure 20 jours;0;RIEN;92.6;
2026-09-29;2026-09-28;CL=F;Retour à la moyenne (RSI 2);0;EN COURS ACHAT;92.6;85.7071
2026-09-29;2026-09-28;GC=F;Tendance (moyennes 50/200);0;EN COURS VENTE;4168.4;4708.26
2026-09-29;2026-09-28;GC=F;Cassure 20 jours;0;INVERSER VENTE;4168.4;4366.8
2026-09-29;2026-09-28;GC=F;Retour à la moyenne (RSI 2);0;RIEN;4168.4;
2026-09-29;2026-09-28;^FCHI;Tendance (moyennes 50/200);0;RIEN;8078.48;
2026-09-29;2026-09-28;^FCHI;Cassure 20 jours;0;EN COURS VENTE;8078.48;8514.86
2026-09-29;2026-09-28;^FCHI;Retour à la moyenne (RSI 2);0;RIEN;8078.48;
2026-09-29;2026-09-28;^GSPC;Tendance (moyennes 50/200);0;EN COURS ACHAT;7683.69;6561.25
2026-09-29;2026-09-28;^GSPC;Cassure 20 jours;0;RIEN;7683.69;
2026-09-29;2026-09-28;^GSPC;Retour à la moyenne (RSI 2);0;RIEN;7683.69;
2026-09-29;2026-09-28;EURUSD=X;Tendance (moyennes 50/200);0;EN COURS VENTE;1.1378;1.1682
2026-09-29;2026-09-28;EURUSD=X;Cassure 20 jours;0;EN COURS VENTE;1.1378;1.15758
2026-09-29;2026-09-28;EURUSD=X;Retour à la moyenne (RSI 2);0;RIEN;1.1378;
2026-09-29;2026-09-28;GBPUSD=X;Tendance (moyennes 50/200);0;RIEN;1.32293;
2026-09-29;2026-09-28;GBPUSD=X;Cassure 20 jours;0;EN COURS VENTE;1.32293;1.34817
2026-09-29;2026-09-28;GBPUSD=X;Retour à la moyenne (RSI 2);0;RIEN;1.32293;
